u_idx,v_idx,actual,pred
2,534,3.0,3.5680084
3,364,5.0,3.3230338
3,443,4.0,3.629949
3,1735,5.0,4.1390834
3,2166,5.0,3.8316407
4,281,5.0,4.272131
4,400,2.5,4.0470643
6,44,4.5,4.04146
7,514,4.5,4.250038
7,543,4.0,4.1823845
7,666,4.0,2.5583289
7,926,4.5,2.4815679
7,1000,5.0,2.5122702
7,2831,4.0,2.4084668
9,1571,2.5,2.5309987
10,46,4.0,3.9401124
10,783,3.0,3.5648124
10,1706,4.0,3.2871718
11,121,4.5,4.10736
13,2765,5.0,3.158462
15,224,3.5,3.1171272
15,601,3.0,3.1543136
16,110,4.0,3.07214
16,1319,0.5,3.0277834
16,1898,3.0,3.9836373
17,1050,3.5,3.7532005
20,1113,2.5,3.8646863
20,1462,2.5,3.316835
20,1945,5.0,3.3152642
22,51,5.0,2.1140594
22,1404,5.0,1.9829353
22,1508,5.0,1.6260448
22,2086,5.0,3.1990347
26,1206,4.0,3.1626122
28,47,4.0,3.1088297
28,1364,5.0,4.8816757
29,1053,4.0,4.716169
34,1831,4.5,4.0863247
39,354,3.5,2.771077
39,2912,3.5,2.6826577
42,1025,2.5,2.4686441
44,28,2.0,2.448411
44,367,2.5,3.7821846
44,400,2.5,3.7350225
44,421,3.0,3.9373956
44,437,1.5,4.2947326
44,471,2.5,4.45807
44,674,2.5,4.1919293
44,761,2.5,2.978777
44,873,2.5,3.2268653
44,934,2.5,3.0249982
44,1388,3.0,3.7029064
44,1830,2.0,3.7550445
44,1878,2.5,3.168942
46,87,5.0,3.5167675
46,562,4.0,3.8141632
48,764,3.0,3.8199615
49,56,5.0,3.6009426
50,26,2.5,4.670908
50,327,4.0,4.5730877
50,688,3.5,2.5254202
50,1483,1.0,2.495717
51,592,3.5,4.2681932
52,245,5.0,4.282904
52,1949,5.0,2.708764
52,2546,5.0,3.9721026
54,1110,4.0,3.1018682
56,843,3.0,3.7574437
56,1023,3.0,4.3580246
56,1086,4.0,4.3933244
56,1699,3.0,3.5503628
56,1918,3.0,3.0687008
56,1935,2.5,4.203948
56,2799,4.0,4.1992292
58,1038,2.0,3.630893
58,2923,3.0,4.800106
59,100,4.0,4.8070507
59,297,3.5,3.7394912
60,1189,5.0,4.842627
60,2024,4.5,4.6887236
60,2616,5.0,3.4638133
61,191,4.0,3.6573584
61,491,5.0,3.6355357
61,631,3.5,3.2296793
61,672,3.5,4.132642
61,1534,3.5,4.0981402
61,2740,3.5,4.0536766
62,319,4.5,4.3483796
63,821,5.0,3.9481544
66,1482,5.0,4.374131
66,2745,0.5,4.554261
67,271,3.5,4.5253854
70,642,3.5,4.536064
70,724,4.0,4.233213
70,1081,4.0,3.260284
70,1217,2.5,3.4208694
70,2900,3.5,3.9171345
72,309,5.0,3.8909578
72,760,4.0,3.7135375
73,22,5.0,3.8130774
73,1323,3.5,4.0658355
75,188,3.0,3.7196805
75,1027,3.5,4.4815836
75,2339,4.0,4.3487215
76,468,4.0,4.2936206
76,1155,4.0,4.3742332
76,1650,2.5,3.6631083
76,2292,4.5,3.3728354
78,344,3.5,3.4220004
78,1466,4.0,3.9036572
78,2330,3.5,3.9600089
79,113,4.5,3.7777357
80,353,4.0,3.805224
80,868,4.0,4.0310717
80,1088,4.5,3.9301162
81,771,3.5,3.7450137
81,1940,3.5,3.8900971
87,1134,3.5,3.6573355
87,1804,3.5,3.5463858
87,2388,3.5,3.4723496
87,2504,4.0,3.8581586
87,2832,4.0,3.550519
87,2990,4.5,4.6229625
92,567,3.0,4.2204523
96,204,4.0,4.4224787
96,1088,5.0,3.592227
96,2781,4.0,4.694875
97,737,2.0,4.74349
97,1447,1.5,4.704234
101,334,4.0,3.5144858
101,975,1.5,3.4736009
103,306,3.5,4.53728
107,723,4.0,4.547168
109,299,4.0,4.6211996
111,477,5.0,3.7978263
111,1833,3.5,3.7698715
113,798,3.5,3.4623418
113,968,3.5,4.4377646
113,1223,3.5,3.146057
113,1337,3.5,4.2245717
113,1638,3.5,4.294532
113,1751,3.5,4.2732663
113,2574,3.5,3.7740173
115,526,4.0,3.7076051
116,1063,4.0,4.1070604
118,1229,3.0,4.2768593
125,1983,4.0,4.171311
125,2705,4.0,4.23688
127,7,3.5,4.112331
127,294,3.0,3.4119763
129,1258,4.5,3.5529814
129,1954,4.5,3.5294478
130,2528,2.5,3.2178228
135,352,3.5,3.5089993
138,473,4.5,3.7766366
138,677,4.0,3.4151728
138,2123,4.5,3.263666
146,2169,5.0,3.694259
147,895,2.5,3.8334765
147,2129,3.5,3.9545517
147,2547,1.0,3.8211164
149,432,4.0,3.675734
152,335,3.0,3.6378284
152,389,2.0,4.91651
152,1839,3.0,4.9635105
152,2005,0.5,3.2371724
152,2353,4.0,2.9849095
152,2708,5.0,2.9445944
154,383,5.0,2.9729486
154,1795,5.0,3.1909199
156,272,3.0,3.1442914
157,509,2.0,3.462993
157,726,3.0,3.5700412
157,1294,4.0,3.593128
157,1407,2.5,3.6505282
157,2127,2.5,3.852594
160,182,4.0,3.71972
160,560,5.0,1.5094163
165,500,4.5,1.5285038
165,667,3.5,1.5429153
165,1938,3.5,1.570426
165,2595,5.0,3.5342221
168,866,5.0,3.0426893
170,470,3.5,3.3649046
170,699,4.0,3.860165
170,1763,2.5,3.203055
171,222,4.0,4.9218884
171,325,4.0,4.0540075
171,340,4.5,3.678935
171,369,4.5,3.5836012
171,414,4.0,2.7054336
171,642,5.0,2.8160422
171,644,4.5,4.2169847
171,681,4.5,3.9813929
171,712,3.0,3.1594405
171,2931,3.0,3.2670126
172,700,2.5,3.6269407
173,1936,3.0,3.626041
174,320,3.0,3.853256
174,780,4.0,4.118922
175,133,4.0,4.2409306
175,504,5.0,3.859746
175,735,3.5,4.176078
175,736,5.0,4.419421
175,2017,3.0,3.9110706
175,2052,4.0,4.015608
175,2683,5.0,4.0197496
176,706,3.5,3.1932397
176,1555,4.0,2.9796236
181,5,2.5,2.9766543
181,934,5.0,3.0303738
183,77,4.5,3.2951574
183,130,4.5,3.011002
183,294,3.5,2.9243548
183,376,4.5,3.0361338
183,588,4.0,3.040765
185,767,4.0,3.0643768
185,1286,4.0,3.0880115
185,1981,3.5,3.2757297
188,354,3.0,4.5248938
188,560,2.0,4.4466944
188,837,3.5,4.4113865
188,1074,2.5,3.8873572
188,1332,3.0,4.527281
188,1702,2.0,3.5116591
189,574,5.0,3.9212914
189,655,5.0,2.8278208
189,895,5.0,3.092537
190,471,4.0,3.1620386
192,507,5.0,3.0907712
194,443,2.5,3.3265061
194,633,2.5,3.4460988
194,787,2.5,2.977207
196,950,5.0,2.8724227
196,1287,5.0,3.1724195
198,163,4.0,3.1952233
198,2064,4.0,3.342881
198,2492,3.0,3.5171607
198,2533,4.0,3.4118786
200,129,3.0,4.3646984
203,475,2.5,4.3143682
209,317,1.0,4.0832806
209,457,2.0,2.669837
217,942,5.0,2.7456734
217,1904,4.0,2.6978765
217,2809,5.0,4.213958
218,287,4.5,2.4737585
218,478,5.0,2.5789578
218,1094,3.5,2.4352438
218,1373,4.5,4.217782
218,1946,4.0,4.030105
218,2256,5.0,3.9636488
219,582,2.0,4.0321326
221,1265,4.0,3.9813213
222,967,2.5,3.4680178
222,1722,3.0,3.3560162
222,2426,5.0,3.368235
226,1027,5.0,3.299046
226,1992,3.0,3.0044243
226,2072,3.0,2.9449549
229,45,3.0,3.355597
230,21,5.0,3.0803041
230,2306,4.5,3.516287
230,2331,5.0,3.2149115
230,2684,3.0,3.1670618
233,929,4.5,3.1873274
234,499,1.0,3.1388335
235,1105,3.0,3.1365733
237,1789,4.5,3.1517425
238,446,5.0,3.2190347
239,1259,5.0,2.9137838
240,706,5.0,2.9716911
240,878,5.0,3.1197162
241,6,2.0,3.2628136
241,256,2.5,2.7933328
241,1239,3.5,2.897418
244,1331,4.5,3.2449472
246,1890,5.0,2.924105
247,717,5.0,3.7008183
247,2929,3.5,3.2946603
248,890,2.0,3.5034008
252,1129,3.0,2.337941
252,1487,4.0,2.3663602
252,1624,3.0,2.4248426
254,155,2.5,1.8811116
256,380,4.5,3.6830494
256,1158,2.5,4.01511
257,1014,4.0,4.5538597
257,1742,3.5,4.2163177
257,1804,3.5,4.2752013
257,2411,3.5,3.9733343
262,282,1.5,4.5041447
262,876,3.5,2.3225508
263,487,2.0,3.803
268,77,3.0,3.7067084
268,144,4.5,3.6211128
268,313,3.0,3.336264
268,472,3.5,4.604588
268,901,4.5,4.350156
268,1615,2.5,3.5820014
268,1925,3.0,3.298044
269,118,5.0,4.1166387
269,301,5.0,3.6217513
269,665,5.0,3.374177
269,869,5.0,3.5639746
271,531,4.5,2.7831292
272,26,4.5,2.7723126
274,89,5.0,2.7485716
274,1034,4.5,4.414649
279,56,4.5,3.9576392
279,125,4.5,4.0389385
279,150,5.0,4.193987
279,240,4.5,4.032769
279,885,5.0,3.8946283
279,1086,5.0,4.538862
279,1115,5.0,3.227374
279,1287,5.0,3.0301828
280,251,3.0,3.2760153
280,1766,3.0,3.0035977
280,2634,1.5,3.905797
281,1672,2.5,3.6669893
283,287,5.0,4.015476
283,1031,2.5,3.2905173
284,110,5.0,4.403866
284,241,1.5,4.024496
285,264,5.0,3.4149342
289,771,5.0,4.58173
291,34,3.0,4.534048
291,1983,2.5,3.846754
292,2233,2.5,3.749905
301,1866,2.5,3.2287855
305,615,0.5,3.9400125
305,1111,3.5,3.7257957
305,1343,4.5,3.8306055
305,2828,4.5,3.8807817
305,2954,1.5,3.5699344
308,1093,3.0,3.9395704
310,689,5.0,3.6909022
310,1791,5.0,4.2385736
311,276,1.5,4.339508
315,531,3.5,4.449424
315,993,4.5,4.476065
315,1264,3.0,3.8076916
315,2766,4.0,3.6719208
318,205,5.0,3.5215921
318,1108,5.0,3.7610214
318,2021,5.0,3.778637
318,2589,3.0,3.5497565
319,211,3.5,3.6621988
322,1156,2.5,5.0020075
324,375,5.0,4.838171
324,1067,5.0,4.9177046
324,1525,4.0,3.7234592
324,1605,5.0,3.3605561
324,2753,5.0,3.7354243
332,445,3.0,3.727696
333,1229,4.5,3.2913365
341,1013,5.0,4.6813555
343,1016,3.5,3.8961935
345,215,2.5,3.67738
345,2685,4.5,3.2850208
346,2187,2.5,3.2308373
350,245,1.5,4.0058203
350,728,4.0,3.2942355
350,1574,2.0,3.1097817
350,2652,4.5,3.1896167
350,2875,4.0,3.0658083
351,37,3.0,4.2272277
351,52,5.0,4.071619
351,1776,3.5,4.055389
351,1983,4.5,4.4233627
351,2841,3.0,4.4885583
352,1427,4.0,3.6291027
357,1321,3.0,3.711832
360,399,3.0,3.6444077
362,1229,2.0,3.5686617
362,1500,5.0,3.6092815
365,192,1.5,3.811174
365,886,4.5,4.004246
365,1410,4.0,3.842983
365,1497,3.5,3.9207277
365,2189,4.0,3.9091597
366,137,4.5,4.1593766
366,424,5.0,3.8336892
367,1637,5.0,3.8383584
370,259,3.5,4.032381
372,482,3.0,3.7034116
374,1708,2.5,3.8047032
375,1191,3.0,4.957758
380,844,2.0,4.8841076
382,58,4.0,4.0399837
382,1102,4.5,3.566945
382,1574,1.5,3.4705408
382,1898,4.0,3.7508793
383,157,5.0,3.9802108
383,526,3.5,4.4250717
383,2584,1.5,4.3030767
384,137,5.0,3.8594527
387,1873,3.5,3.3593435
388,270,3.0,3.2045524
388,378,4.0,4.242716
388,2195,3.0,3.7838469
390,1016,3.5,3.7198188
391,612,5.0,3.3929875
391,685,4.5,3.9182258
391,2470,5.0,2.613203
398,149,3.5,3.8949275
399,37,0.5,3.905956
399,116,1.5,2.726797
399,130,4.0,3.0678406
399,238,5.0,3.1609716
399,260,3.0,2.5911489
399,323,3.5,4.487059
399,389,3.5,4.4068003
399,405,2.0,4.3439436
399,451,2.0,4.0160136
399,491,2.0,4.045466
399,721,4.5,4.768062
399,753,2.0,4.740967
399,808,1.5,3.5756059
399,896,3.0,2.2780867
399,1591,2.0,2.2874284
399,2082,2.0,2.3754892
401,245,4.5,2.296829
402,603,3.5,2.2253032
402,604,3.0,2.38238
402,2082,5.0,2.357961
412,50,4.5,2.2662103
412,247,5.0,2.3186402
412,335,5.0,2.2813094
412,354,5.0,3.9373279
412,1259,5.0,3.6606302
412,1392,5.0,3.893639
412,1669,4.5,3.2816544
412,2341,5.0,3.7784462
412,2547,5.0,4.2717314
412,2900,5.0,4.0050726
414,43,4.0,4.217578
414,226,4.5,3.8864832
414,1168,5.0,3.6160421
414,2298,4.0,3.453611
414,2570,4.0,3.532568
415,784,4.5,3.7622366
416,1427,4.0,4.2362022
416,2135,2.5,4.09023
416,2593,3.5,3.2302303
418,225,5.0,3.1864734
418,659,5.0,3.1745925
418,962,5.0,3.4305463
420,1400,3.0,3.7399392
422,104,3.0,4.109068
422,350,3.5,4.1329856
422,736,4.0,4.032977
422,1941,3.5,3.9661417
423,201,3.5,2.2558851
423,619,3.5,3.8268073
423,949,4.0,3.3841848
423,1416,3.5,3.5897255
424,1207,2.0,3.6382785
424,1321,2.5,3.3605874
424,1959,3.5,3.2828617
425,554,4.0,3.582975
426,1461,3.5,3.195084
426,1538,5.0,3.623116
426,1734,3.5,3.9694738
426,2175,4.0,4.2713537
426,2241,3.5,3.7905936
431,488,3.0,3.4659746
432,758,5.0,4.4226665
434,1711,3.5,4.068221
435,2089,5.0,3.6609287
436,662,4.5,3.8277998
439,2119,3.5,4.537934
440,1151,5.0,3.2393317
444,24,3.0,2.9891493
444,88,4.0,3.326365
444,138,3.0,3.2847297
444,190,3.5,3.926278
444,1790,3.0,3.7329037
444,1848,3.5,3.1880882
444,2058,3.5,3.2403283
444,2151,2.0,3.1168327
444,2176,3.5,4.0979414
444,2564,2.5,4.7854776
444,2940,3.0,4.5838876
446,828,3.0,3.6367695
447,5,4.5,3.7159333
447,55,4.0,3.6117854
447,1653,4.0,3.9846978
447,1820,4.5,3.8081527
448,1137,2.5,3.7072327
448,1286,4.0,3.7863748
448,2612,2.0,4.0042953
452,16,4.0,3.4467006
452,618,4.5,3.873867
452,1068,3.5,3.6112938
452,1313,4.0,3.4844255
452,2268,4.0,4.1318192
457,860,5.0,3.1866858
457,1642,5.0,3.742026
458,431,4.5,3.9159591
458,1513,5.0,4.015413
461,101,3.5,4.022779
461,117,3.0,4.4645767
461,142,3.5,3.770845
461,315,2.0,3.3127112
461,553,3.0,3.372395
461,643,4.0,3.4010143
461,787,4.0,3.827115
461,1199,3.5,3.661776
461,2173,4.0,3.7761981
462,691,5.0,3.8794584
463,1923,4.0,3.3683615
463,2009,4.5,4.5760007
463,2057,4.0,4.203281
466,938,5.0,3.9506717
467,385,4.5,2.9390156
467,443,4.5,2.7647228
467,522,4.5,2.9196172
467,673,5.0,3.7837822
467,678,5.0,3.9005995
467,934,4.0,3.6835945
467,949,4.0,3.6340818
468,2180,3.5,3.4791894
473,203,1.0,3.6287022
474,264,4.5,3.7650115
474,426,3.5,4.239606
475,1050,4.5,3.3400388
476,263,4.5,3.5992088
476,1013,3.5,3.662441
481,543,3.5,3.4315994
482,1285,5.0,3.7684302
484,1462,3.5,3.5477042
487,541,4.0,3.8960392
487,1091,4.5,3.8529265
490,356,4.5,3.7005296
491,1768,5.0,3.2198668
491,1943,5.0,3.381054
492,874,5.0,3.144947
492,991,5.0,3.1520991
492,1755,5.0,3.2345016
493,190,3.5,3.8088527
493,1576,3.0,3.8712807
493,1845,3.0,3.0468736
494,330,4.5,3.8359413
494,646,4.0,3.388861
494,953,4.5,3.8126726
494,1250,5.0,3.614522
495,2126,5.0,3.743816
495,2182,1.0,3.3570871
496,743,5.0,3.5491638
496,1143,3.5,3.4891422
496,1513,4.5,3.6981044
496,1524,4.5,3.4778244
496,2406,5.0,4.2083006
497,1235,4.0,4.1285152
497,1646,4.5,3.9633217
499,302,5.0,3.5945165
499,515,4.0,3.5905378
501,89,3.0,3.8337464
501,151,4.0,3.473043
501,1059,5.0,3.9782848
503,1459,1.0,3.302785
507,27,5.0,3.5262778
507,228,4.0,3.1583624
510,142,4.0,3.3920584
510,161,3.0,4.6928196
513,1266,0.5,3.0544624
513,1885,5.0,2.9852643
513,2277,5.0,2.839758
514,2527,3.0,3.2178152
515,297,3.0,3.0509317
519,1439,4.0,3.4353404
523,43,2.0,3.431188
523,354,2.0,3.2167554
523,359,3.0,3.3708432
523,1168,4.0,4.828326
523,1712,1.5,4.343433
525,265,4.0,4.450885
526,310,4.0,4.6113825
526,366,3.0,4.305613
526,1101,4.0,4.621752
527,80,1.5,4.359867
527,605,0.5,4.424802
528,174,3.5,4.093252
528,870,3.5,3.6673293
528,1457,4.5,3.8447735
528,2023,3.5,4.320609
528,2165,2.5,3.625054
529,61,4.5,3.8269062
529,395,4.5,4.726283
529,758,4.5,4.860814
529,1045,3.0,3.2737343
529,1406,4.5,3.2418435
529,1724,4.5,3.1887822
530,354,3.5,3.3855674
530,656,1.0,3.6161017
530,692,4.5,3.5025125
530,693,1.5,3.5896568
530,778,3.5,3.1901753
530,1087,4.0,3.0058656
530,1600,1.0,4.4113274
530,1605,4.5,4.2987204
530,1607,4.5,4.318508
530,1735,0.5,4.3790627
530,2627,3.0,4.337932
530,2691,3.0,4.239585
531,131,2.0,4.366332
531,213,3.0,4.13326
531,861,2.0,3.8225656
531,1009,2.0,4.436102
531,1192,4.5,4.14626
532,312,3.0,4.4033985
532,366,2.5,4.1320853
532,938,3.0,4.345587
532,1244,3.5,4.036145
532,1964,3.5,3.8567986
536,2261,3.5,3.8268747
538,575,3.5,2.8932886
538,686,5.0,2.7928786
538,1355,5.0,4.5061526
540,918,4.5,4.4630194
541,36,3.0,4.354062
541,173,3.5,4.4599447
541,396,3.5,4.471324
541,665,3.0,4.066805
543,603,5.0,2.5691092
543,2167,5.0,2.447933
543,2417,4.5,2.5150585
543,2853,5.0,2.4719348
544,1025,5.0,4.5554223
545,1011,5.0,4.3391895
546,358,2.0,4.367391
547,1007,4.0,3.9192495
547,1066,3.5,3.858793
547,1298,3.5,3.287766
549,359,5.0,3.5597272
549,930,3.0,3.9165678
550,182,5.0,3.9010854
550,293,4.0,4.2066708
551,213,4.0,3.5470693
551,563,4.5,3.3405507
551,1183,4.0,3.2282288
554,327,5.0,3.5124297
554,592,4.0,3.9893942
554,2170,4.0,3.3285558
556,1428,4.0,3.2004282
559,236,4.0,4.324277
560,1171,4.5,4.125373
562,1677,3.5,3.919867
562,1814,2.0,4.0137606
563,237,4.5,4.204361
563,676,3.0,3.7389622
567,231,4.5,4.7956886
567,413,4.5,4.2341504
567,473,4.5,4.240626
567,597,2.5,3.9925594
568,163,5.0,3.680388
569,882,3.0,3.604921
574,1070,5.0,3.665681
576,1604,4.0,3.7589183
577,1023,3.0,3.5815136
578,57,3.5,3.5764356
582,12,3.0,3.3093688
582,1068,4.0,3.6156821
582,1728,3.0,3.098389
588,164,3.5,4.671979
588,167,4.5,4.4932637
588,168,4.5,4.71712
588,178,4.0,4.611853
588,526,4.5,4.4444036
588,708,4.5,4.6096325
588,713,3.0,3.8135173
588,756,4.5,3.637176
591,1539,4.0,4.5693707
591,1677,3.5,4.5046806
596,1427,4.0,3.26017
598,646,4.5,4.1113553
598,1741,3.5,4.0345764
601,2227,4.0,3.081089
606,287,3.0,3.594936
606,473,5.0,3.4690728
606,1877,3.5,3.569482
615,157,3.5,4.436946
615,529,4.0,3.8306224
615,765,0.5,3.7827377
615,945,4.5,3.5007775
615,1003,3.0,3.679707
615,2324,3.5,3.7360485
615,2359,3.5,3.2482972
617,530,3.0,3.5992265
617,2642,2.0,3.2482567
620,15,3.0,3.7543924
620,120,2.5,3.834921
620,253,3.5,3.7590055
620,256,3.0,3.4779816
620,296,4.0,3.8571544
620,343,3.5,3.852715
620,495,4.5,4.0483303
620,546,4.0,4.22299
620,874,3.0,4.1505404
620,884,4.5,3.9018643
620,894,3.0,3.6135695
620,1027,4.0,3.9981115
620,1092,4.5,3.9161477
620,1148,4.5,4.076874
621,176,1.5,4.097245
621,1087,2.0,4.3713627
625,223,5.0,4.298606
625,964,5.0,3.2878346
625,1201,3.0,4.362987
627,195,4.0,4.209834
627,358,4.0,4.28939
627,497,4.0,3.926629
627,554,3.0,3.151706
629,356,4.5,3.1165824
629,658,3.0,3.071745
629,1561,4.0,3.4212067
629,2003,3.0,3.2495513
633,112,4.0,2.9284902
634,424,1.5,3.1861188
636,984,3.0,3.032012
636,1948,2.5,3.119645
636,2621,2.5,3.3518558
639,24,5.0,3.3146737
639,733,4.5,3.445363
639,2171,4.5,3.6813395
645,1326,5.0,3.6841407
645,2328,5.0,3.1907954
646,305,3.5,3.9885924
646,321,4.0,4.3817806
646,501,4.0,3.5611696
648,2536,1.5,4.0427446
651,2232,2.5,3.7177842
653,917,4.0,4.6250095
653,1538,3.5,4.314872
660,59,3.0,3.068079
661,416,5.0,3.1319728
661,1910,2.5,4.378866
662,2334,4.0,3.665408
663,59,4.5,3.950016
663,136,3.5,4.3990626
663,1200,3.0,3.5970447
664,2873,3.5,3.5916934
665,2815,4.0,3.3408394
666,291,5.0,3.5945687
666,2610,5.0,3.4916658
666,2961,4.0,3.2286751
668,1548,4.0,3.2074444
671,64,5.0,3.2404115
671,299,5.0,4.6996727
671,522,5.0,4.6006055
671,553,5.0,3.9630685
671,863,5.0,3.9523172
671,1883,3.5,3.9597154
674,907,4.5,4.7382054
675,527,5.0,4.307355
675,905,5.0,3.8726401
675,2021,5.0,3.8756745
676,422,4.0,3.8587658
676,2310,3.0,3.8917096
676,2524,3.5,3.9592671
677,465,3.5,3.652955
677,1431,4.0,3.836106
679,1283,4.0,3.9148622
679,2197,2.5,3.3940046
680,241,3.5,3.5161228
680,494,5.0,3.721016
681,1067,3.0,3.4417987
684,18,4.5,3.1790485
684,219,5.0,3.5532167
686,172,2.5,4.758056
687,360,4.0,4.6032434
687,670,3.5,4.9037786
687,1112,3.5,4.594738
687,1614,3.5,3.2212346
687,2617,3.5,3.455444
691,1385,4.5,3.334228
692,1810,3.5,3.1658144
695,519,3.5,3.2066538
695,2016,3.5,3.3505785
699,331,2.5,3.5433552
702,23,3.5,3.129245
703,206,2.5,3.1585615
704,371,5.0,3.6473868
708,526,4.0,3.5635731
708,664,2.0,3.566428
708,1214,1.0,3.3565788
708,1810,0.5,2.9235864
709,259,3.0,3.1273656
709,2011,3.5,2.9481285
709,2220,1.5,3.0149536
710,1709,5.0,2.5850005
711,152,3.5,3.638888
712,1469,5.0,4.7850595
713,71,4.5,4.7504425
713,233,2.5,4.775838
713,249,4.0,3.8566754
713,705,2.0,4.6524253
714,963,4.0,4.589264
714,1954,4.0,3.674028
714,2113,2.5,3.52608
715,94,2.0,3.6752439
715,1159,2.5,4.0408125
715,1587,4.0,3.690735
715,1665,4.0,2.9706311
715,2148,2.5,2.9994118
719,1012,5.0,3.2282696
719,1608,3.5,3.1231647
723,4,4.0,3.5557632
723,2280,4.0,3.3231626
724,54,3.0,3.231907
725,358,5.0,3.5662975
725,420,5.0,3.4846132
725,465,4.5,3.8030934
725,505,4.0,3.8202949
725,982,4.0,4.091509
725,2072,3.5,4.0286245
727,649,2.0,4.0568953
727,689,4.5,4.1276326
727,2171,4.5,4.00681
733,2303,5.0,3.2711124
735,1941,4.5,3.2584276
736,1406,5.0,3.2250004
736,1882,5.0,3.3049073
740,2726,3.5,3.3043404
747,53,3.0,3.2792888
749,32,5.0,3.2426662
749,420,4.0,4.0702615
750,203,5.0,4.40015
750,1011,4.5,4.655796
754,211,2.5,3.3815122
754,1904,4.5,3.471209
756,59,4.0,3.936786
756,1750,4.0,3.3865075
757,29,4.5,4.1705256
757,2320,4.5,4.0102425
759,1858,4.0,4.7647038
759,2435,3.5,4.8720574
760,21,3.5,5.0130415
760,51,0.5,4.7754817
760,277,3.5,4.81723
760,431,3.0,4.9446383
760,727,1.5,4.3402586
760,1730,2.5,3.5043359
760,1736,3.0,3.4177947
760,2521,3.5,3.7111
765,112,3.5,3.605929
765,139,1.0,3.501672
765,361,2.5,3.3024254
765,2750,2.0,3.5685182
766,247,1.0,3.2958415
766,558,5.0,3.4955432
769,841,4.5,3.8122287
770,2339,4.5,4.2281036
772,1562,4.0,3.9374464
774,131,3.5,3.5292964
774,280,5.0,3.8474634
774,1348,4.0,3.9569378
774,1415,3.5,3.9135053
774,2168,4.0,3.2151551
774,2347,4.5,3.7084613
774,2397,5.0,3.4898567
776,1158,3.0,3.490297
787,111,4.0,3.517352
787,570,4.0,3.5369015
787,571,5.0,3.3629508
787,631,4.0,4.8436847
787,865,5.0,4.220014
787,1100,3.5,4.2200856
788,166,4.0,4.23432
788,227,4.0,3.8423924
789,711,5.0,3.7223465
789,824,3.5,4.1013536
797,934,4.0,3.760476
801,427,3.0,3.563845
801,716,4.0,3.7782753
801,1379,4.5,3.7443256
801,2025,3.5,3.7435105
801,2184,3.5,2.4196053
801,2302,2.5,3.7090025
801,2350,3.5,4.070771
805,2024,2.5,3.611339
814,433,5.0,3.8835883
817,172,4.5,3.4701478
821,179,4.0,3.701505
821,296,4.5,3.6818695
824,686,5.0,4.384403
826,969,3.0,4.179061
826,1179,2.5,4.4132
827,121,4.0,3.5156674
827,256,3.5,3.376132
827,297,3.0,3.2646835
827,1049,3.0,4.3394403
827,1458,3.0,4.5618906
827,2248,3.0,4.3263855
827,2576,3.5,4.16346
828,629,4.5,4.478221
833,21,3.0,3.6781533
833,74,3.5,3.3990932
833,176,3.0,3.304929
840,31,3.0,3.5172107
840,520,3.0,3.4913902
845,813,4.0,3.9608924
847,1367,3.5,3.7183104
847,1818,4.0,3.7669718
847,2828,2.0,3.6435516
849,681,3.5,4.093812
849,741,3.0,4.542239
850,162,2.0,3.6167374
851,323,1.0,3.4286642
852,155,5.0,3.320523
852,327,5.0,3.892297
852,670,3.0,3.7123556
852,917,4.0,3.983196
852,1448,5.0,3.8359869
853,32,4.5,4.0637984
853,393,4.0,3.9013562
853,2564,5.0,4.201258
854,106,3.5,3.9600973
854,1033,3.5,3.7326994
854,1115,3.5,3.8587177
854,1385,3.5,4.2880206
855,1828,4.5,3.9998255
856,606,3.0,3.7696967
856,1671,4.0,3.9466424
857,63,4.5,4.0758505
857,1779,5.0,3.9267921
857,2166,5.0,3.4985669
857,2552,4.5,3.67238
859,720,3.5,3.5412483
861,965,3.5,3.808562
861,2278,3.0,3.7795508
866,2183,5.0,3.6503816
867,33,3.5,3.4734926
867,152,4.0,2.7756467
869,416,5.0,3.6576834
870,525,5.0,4.0222034
870,946,4.0,3.933938
870,1109,5.0,3.9677248
870,1565,4.0,3.883633
870,1746,4.0,4.1644382
870,2234,5.0,3.8278284
870,2650,3.0,3.7531652
873,1117,5.0,3.7818584
874,389,2.5,4.251297
874,433,2.0,3.6158895
874,853,3.0,3.1663318
874,1324,3.0,3.7317965
874,1815,3.5,3.5676942
877,1588,3.5,3.5334098
883,192,3.5,4.828332
885,1513,2.0,4.6096673
887,479,5.0,3.4445977
887,1016,5.0,4.062001
887,1272,5.0,3.815106
889,1481,3.0,3.7785935
890,30,4.5,3.659489
890,195,4.0,3.829141
890,201,2.5,3.842698
890,797,4.5,3.9951215
890,804,2.5,3.5787401
890,1569,5.0,3.9182055
890,2119,1.0,3.907906
892,84,4.0,2.5302444
892,2281,4.0,2.612176
894,694,4.0,2.7833667
894,729,4.0,2.5827281
894,883,4.0,2.568781
895,97,4.5,2.743741
899,945,3.5,2.5283542
899,1003,4.5,2.5126529
904,654,3.0,2.5372314
904,2223,2.0,2.6036594
905,20,3.5,2.5863256
905,771,3.5,2.5808206
905,1573,3.5,2.6057487
909,53,5.0,2.9094105
909,276,2.0,2.63945
909,1007,4.5,2.6815257
910,303,4.0,2.6786375
913,0,3.5,2.7881527
915,99,5.0,2.6088467
915,2282,4.0,2.678863
920,677,2.0,4.671027
923,63,2.5,4.911294
923,291,1.5,4.630453
923,1328,2.5,3.8081923
929,673,4.0,3.7099066
930,2749,3.0,3.8361347
931,530,3.5,3.7803185
931,558,4.5,4.7597027
931,720,5.0,4.8965406
931,1595,4.5,3.6359224
931,1932,5.0,3.5931993
931,1973,4.5,3.218594
936,2340,4.5,3.4241228
937,13,5.0,3.463327
937,930,5.0,3.896565
937,1464,4.0,3.831202
937,1756,1.0,3.606294
937,2080,3.5,3.499663
937,2162,3.0,4.54595
939,41,4.5,3.8591962
939,548,5.0,4.062446
939,641,4.5,4.13423
940,368,3.5,3.9148507
943,1493,4.0,3.7515917
943,2124,4.0,3.8489227
946,182,3.0,3.997998
947,563,3.0,4.1558886
950,307,4.0,4.176602
954,978,3.5,3.8943822
957,21,5.0,3.9321182
959,463,4.5,3.9866037
959,588,4.5,3.6766648
961,242,5.0,3.6777518
961,760,5.0,3.8830576
961,1024,4.5,3.7060652
961,1524,4.5,3.8905087
961,2974,4.0,3.5466914
962,420,3.5,3.9026818
967,938,3.5,3.9611392
967,2322,1.5,3.4400582
972,213,0.5,3.591203
972,2367,4.5,3.7292743
973,72,3.5,3.833108
977,895,1.5,3.8798041
979,264,5.0,3.5289962
984,104,0.5,3.7910647
988,139,2.0,3.8553314
995,445,4.5,3.5404196
995,1459,5.0,4.003452
1002,137,4.0,3.0014663
1002,626,3.5,3.9532151
1002,632,3.5,4.279674
1004,644,5.0,3.7825422
1005,2118,1.5,3.5887525
1009,25,3.0,3.707374
1009,454,5.0,4.6068697
1009,589,3.0,4.5981007
1009,1680,4.0,4.255013
1009,1942,1.5,3.490786
1009,1964,4.0,3.8313332
1013,1050,5.0,4.2837496
1016,1448,4.0,4.350787
1016,1926,4.0,4.302987
1016,1969,3.0,4.223426
1016,2765,3.0,4.411035
1017,78,2.0,4.346327
1017,263,3.0,4.154481
1021,374,3.5,3.8902392
1021,512,1.0,3.9386518
1021,2301,3.5,4.633671
1022,1549,2.5,3.0378408
1022,1695,3.5,3.665163
1022,2048,3.5,4.39777
1023,1954,5.0,4.571401
1027,293,4.0,3.4305053
1036,904,5.0,3.6409976
1037,1365,4.0,3.661096
1037,1689,3.5,3.663057
1039,440,4.0,2.7124624
1039,688,3.5,3.3982766
1039,1593,5.0,3.7567267
1041,450,4.0,4.0653114
1045,1635,5.0,4.064469
1046,170,2.0,3.4031177
1046,201,3.0,2.2268386
1046,218,3.0,2.298884
1046,220,3.0,2.0817225
1046,232,3.5,2.2916105
1046,485,3.5,3.6560636
1046,505,2.0,3.6640317
1046,587,3.0,4.5565586
1046,612,2.0,4.5074368
1046,642,0.5,2.9044008
1046,846,1.5,4.057268
1046,1126,3.5,3.9882
1046,1199,3.5,3.695378
1046,2086,3.0,3.2135313
1047,283,1.0,3.4741278
1048,114,4.5,3.310557
1048,187,5.0,3.2766798
1048,207,4.5,3.3523948
1049,716,3.5,3.198803
1049,2469,4.5,4.5548425
1049,2685,4.0,4.9094505
1053,240,3.5,4.662924
1053,429,3.5,4.8935614
1055,994,4.0,4.648259
1057,144,5.0,4.89715
1059,280,3.5,4.966151
1059,993,2.0,2.9807193
1060,145,5.0,2.9395542
1060,478,5.0,2.9880064
1060,2639,5.0,3.8745708
1062,872,3.0,3.73479
1062,1542,3.5,4.0362415
1063,416,1.5,3.230514
1063,668,1.0,3.1643252
1063,1895,1.5,2.8665643
1063,2618,3.5,3.8637357
1068,471,3.0,4.2577496
1068,1100,5.0,3.9815586
1069,118,3.5,3.7594323
1069,317,3.0,3.987275
1069,2129,3.5,4.0245023
1073,1857,3.5,3.9623852
1074,2699,3.5,3.8401523
1078,1012,1.0,4.038427
1084,1817,5.0,3.7327752
1087,545,3.0,3.5426142
1087,2735,3.5,4.9281893
1089,488,5.0,4.8436813
1089,2968,5.0,5.0304804
1096,149,3.0,3.8569374
1102,203,1.0,4.03585
1102,1524,4.5,4.444594
1102,1798,2.5,4.3322043
1104,182,1.5,4.146238
1104,1054,4.0,1.5161395
1104,1107,4.0,3.6944103
1104,1767,4.0,3.7032747
1107,598,5.0,3.801827
1109,751,5.0,3.1866043
1109,1319,5.0,3.5381353
1112,1229,3.5,4.4180145
1112,1240,4.0,3.141807
1115,1885,4.0,3.2670183
1115,2109,3.5,3.177102
1118,807,5.0,3.3183098
1119,772,4.5,3.2634168
1119,1048,4.5,3.119392
1120,473,1.0,3.1725135
1124,908,3.5,3.1034164
1124,1558,4.5,3.541422
1126,1900,5.0,3.5091572
1126,1949,5.0,3.4906611
1127,743,4.5,3.6658168
1130,498,5.0,3.691171
1133,2250,4.0,3.8394532
1134,241,2.5,3.714208
1136,368,1.0,4.3979297
1140,143,4.0,2.9873996
1140,1142,5.0,3.1953835
1140,2746,5.0,3.1599128
1142,1462,4.0,3.227767
1143,869,4.0,3.178407
1143,1750,4.0,3.2713795
1145,607,3.5,3.8936863
1145,1250,5.0,3.8564858
1148,87,2.0,4.0433946
1148,2268,3.5,3.8395379
1149,654,4.5,3.3686683
1154,616,5.0,3.278461
1154,847,3.0,3.223894
1154,1063,4.0,3.2198746
1154,2822,3.5,3.4959106
1156,805,4.5,3.5375695
1156,890,5.0,3.7333713
1158,1209,3.0,3.5406194
1164,2435,4.0,3.4244292
1170,370,5.0,3.3936048
1170,1132,3.0,2.7574193
1170,1206,4.5,3.357372
1170,1716,3.5,3.508439
1170,2032,3.5,3.7489336
1170,2554,4.0,3.1438618
1172,99,3.5,3.520071
1172,1482,3.5,3.7056575
1174,457,5.0,3.9535832
1174,878,5.0,3.611477
1174,1016,5.0,4.7206364
1176,1842,1.5,3.8551626
1177,484,3.5,3.3524997
1181,553,4.0,3.6181555
1181,1045,4.5,3.5819411
1186,82,3.5,3.708711
1191,927,5.0,3.5195265
1191,1956,4.5,3.5138083
1193,34,5.0,4.564468
1194,1117,5.0,4.2265644
1198,212,4.0,3.5654001
1198,292,3.0,3.2117686
1198,630,3.0,3.2052817
1198,2138,3.5,3.8073525
1198,2551,3.0,3.7778084
1198,2553,3.0,3.25794
1198,2819,3.0,3.0296834
1201,1603,5.0,4.09605
1205,1410,5.0,3.7431672
1205,2574,4.5,3.0772586
1207,318,5.0,3.043895
1207,528,4.0,3.4719224
1207,588,4.0,3.6618686
1207,802,4.0,3.7002425
1207,1111,3.5,2.923029
1210,2430,4.5,4.5716825
1210,2454,4.5,4.431987
1213,303,3.5,4.104556
1217,751,4.5,3.9780483
1218,204,3.0,4.174607
1218,1373,2.0,3.9132543
1219,73,4.0,3.896254
1219,1355,5.0,4.1431947
1219,2397,4.0,4.020665
1221,1232,3.5,3.7846699
1222,508,3.0,3.506652
1223,755,3.5,3.8208222
1225,1095,3.0,4.2371044
1225,2619,4.0,4.54471
1228,853,3.5,3.798084
1228,1215,4.0,3.690558
1229,282,3.5,3.7091994
1230,160,4.0,4.384453
1230,1304,4.0,3.5004468
1233,276,3.0,3.5763319
1235,79,1.0,3.2666142
1235,958,2.0,4.9150124
1235,1345,4.0,4.070102
1235,1382,3.0,4.2233305
1235,1385,3.0,4.045472
1235,2199,2.0,4.256199
1235,2625,2.5,4.024521
1242,654,5.0,4.4907613
1245,372,4.0,4.7433553
1246,703,5.0,4.7881737
1246,743,5.0,4.591823
1248,2198,3.5,3.4908872
1250,1246,2.5,3.531083
1250,1273,3.5,3.6033392
1250,2987,3.5,3.6365647
1252,172,3.5,4.571471
1252,1121,2.5,3.9204724
1252,2285,3.5,3.8386486
1255,1863,4.5,4.2042036
1256,604,4.5,3.6657977
1259,124,5.0,3.7976274
1261,169,3.0,4.5685983
1264,977,4.5,4.076023
1264,2387,3.0,4.6414213
1264,2809,4.5,4.259202
1266,939,2.5,4.0629473
1270,100,5.0,4.093334
1270,567,5.0,3.9580173
1275,770,4.0,4.0457726
1277,2405,5.0,4.1102676
1277,2683,4.0,3.509431
1277,2758,3.5,3.600384
1277,2863,5.0,3.701507
1277,2907,3.5,3.9437141
1279,66,3.5,3.9956021
1287,2838,3.0,4.0552464
1288,534,4.0,3.6758173
1290,126,3.5,3.7996798
1290,1749,3.5,3.7851477
1291,2881,3.5,3.805029
1294,102,2.5,4.2827888
1294,399,0.5,4.4646225
1294,463,3.5,4.0181227
1294,523,3.0,4.076851
1294,536,3.0,4.198521
1294,657,1.0,4.3840284
1294,804,1.0,4.1987925
1294,827,1.5,4.4566197
1294,1390,1.0,4.140586
1294,1661,3.0,4.057434
1294,1866,2.0,3.6541803
1294,2378,1.0,3.8468204
1294,2380,3.0,3.8306255
1294,2663,5.0,3.2302415
1295,258,4.0,3.2596602
1295,259,5.0,3.214471
1295,1438,5.0,3.2402315
1295,1711,4.5,3.355299
1295,2904,4.5,3.6002507
1296,213,3.5,3.6990604
1296,251,2.0,3.9753091
1296,418,0.5,3.596516
1296,511,3.5,3.834394
1296,857,2.5,3.9818935
1296,2752,4.0,3.7655506
1302,890,4.5,3.994966
1304,706,3.5,2.7383695
1307,578,3.0,2.6305902
1311,758,3.5,2.636424
1311,1493,4.5,3.587453
1314,1388,4.5,3.5964718
1316,177,5.0,3.7551246
1316,399,5.0,3.5499568
1316,2022,4.5,3.53596
1317,1954,5.0,3.7316046
1319,84,3.0,3.528812
1319,111,5.0,3.4055095
1319,125,4.0,3.481686
1319,246,2.0,3.1886683
1319,417,4.0,4.9556947
1319,449,4.0,4.873012
1319,748,3.5,4.754587
1319,1381,4.0,3.159287
1321,1539,5.0,3.3236208
1325,1305,5.0,3.1549044
1325,1496,3.0,2.8187215
1326,709,4.0,2.939994
1326,1365,4.0,3.1200695
1326,1428,4.0,3.0982943
1326,1485,4.0,3.9353771
1326,1600,3.0,3.883784
1326,1900,4.0,3.983309
1328,222,3.0,3.6210322
1328,451,2.0,3.8484578
1328,1284,3.0,3.7122784
1328,1892,3.0,3.3458428
1328,1901,2.0,3.847053
1328,2106,3.0,3.7702236
1328,2470,4.0,3.0035205
1330,28,1.0,3.0012312
1330,1244,5.0,3.010946
1330,1908,5.0,3.3209944
1332,2689,3.5,3.2339582
1333,99,1.0,3.0260115
1333,160,3.5,3.49675
1333,267,3.0,2.991895
1333,675,4.0,4.412424
1333,1082,1.5,4.4554987
1333,1817,3.0,4.206956
1333,2178,3.5,4.191187
1333,2473,3.5,3.9541352
1333,2978,4.5,3.2726946
1335,349,2.0,3.1696289
1335,892,0.5,3.5491533
1335,1596,2.5,3.3440003
1338,686,4.0,4.230533
1340,333,3.5,3.0442967
1340,465,4.5,2.8648248
1340,784,5.0,3.0014653
1340,876,4.5,2.934606
1340,1423,4.0,3.0398903
1340,1583,3.5,3.2947667
1340,2413,5.0,3.9726176
1341,36,3.5,4.2264833
1341,221,3.0,4.128094
1341,352,3.0,4.0171742
1341,888,4.5,4.149414
1341,1923,3.0,2.8975797
1342,63,3.5,2.7641017
1342,1184,4.0,2.7544274
1343,2839,4.5,2.8010976
1344,237,4.5,2.764575
1345,425,4.0,2.8081155
1345,940,5.0,2.7980328
1345,1666,5.0,2.9770398
1345,2752,3.5,2.6822665
1348,118,2.0,2.8554268
1348,153,3.5,2.7598596
1348,521,5.0,2.7206635
1348,718,5.0,2.653825
1348,2282,3.5,2.696631
1349,252,3.5,3.5838
1349,287,4.0,3.356638
1349,1062,3.5,3.448327
1349,2665,4.0,3.8559804
1352,767,4.5,3.2711792
1352,1745,3.5,3.0823407
1353,2068,4.5,3.477575
1355,1925,3.0,3.755791
1357,1845,5.0,3.414988
1358,938,2.0,3.5151594
1363,281,5.0,4.2791195
1363,443,5.0,3.9617987
1363,1444,5.0,3.9917097
1363,2532,5.0,3.7870793
1364,190,4.0,3.1745226
1364,1812,4.0,4.567387
1364,2046,4.0,4.3562226
1366,8,5.0,4.419999
1371,1946,4.5,2.7400599
1372,162,4.5,4.3167133
1372,435,4.0,3.4601007
1372,740,4.5,3.8019466
1372,2187,3.5,3.344359
1372,2477,4.5,3.2742724
1373,10,5.0,3.1922271
1375,373,2.0,2.9014206
1375,442,4.0,3.1004488
1379,1064,4.5,3.1649628
1380,759,2.5,3.8735952
1382,1012,5.0,4.2218695
1382,1691,5.0,4.284956
1382,1752,5.0,3.236267
1382,2546,5.0,4.0192366
1386,1048,4.0,2.9662185
1387,175,5.0,3.073464
1387,1190,4.0,3.1059465
1387,1980,4.0,3.0192719
1392,2722,5.0,2.7360873
1393,1910,5.0,3.0334535
1395,976,3.0,2.7874112
1402,354,3.5,3.3467212
1405,212,3.0,3.5503747
1406,2794,3.5,3.5701578
1408,281,4.0,3.3018875
1408,775,2.0,3.416428
1408,1664,3.0,3.3228774
1409,2455,5.0,3.5185206
1410,2727,5.0,3.4354787
1414,1262,3.5,3.6754484
1414,2071,3.0,3.8127034
1415,488,4.5,3.1634233
1416,1411,2.5,4.212712
1416,2501,5.0,4.4249067
1418,579,5.0,4.4400206
1418,1053,4.0,2.5342155
1418,1420,4.5,2.6360638
1418,1609,5.0,3.907527
1418,2681,4.5,4.074789
1420,592,5.0,4.051034
1420,2152,5.0,4.0042243
1421,499,2.0,3.477552
1426,1281,4.0,3.5212402
1426,1501,2.0,3.5367184
1426,1756,2.5,3.5296912
1434,329,3.0,3.557471
1434,2913,5.0,4.435637
1435,1215,4.5,4.7830954
1437,9,4.0,4.3849545
1440,1312,3.0,3.067366
1440,1470,2.0,3.171548
1440,2800,4.5,3.1767693
1447,372,4.5,3.0930696
1450,2207,3.5,3.0988507
1454,1698,2.5,2.9928684
1454,2610,2.5,3.3058038
1464,2,4.5,4.8586864
1464,897,5.0,3.6413903
1465,91,1.5,4.5271773
1465,100,4.0,4.6194572
1465,173,4.0,3.50745
1465,233,3.0,3.3608754
1465,519,1.5,3.5109866
1465,1257,3.0,3.6170087
1465,1486,4.0,3.7685618
1466,2127,5.0,4.7648983
1467,399,5.0,4.6716576
1467,1032,4.0,4.8644567
1470,296,4.0,3.644853
1470,1618,1.5,3.5157795
1471,23,2.0,3.7946472
1475,560,3.0,3.7916398
1477,136,3.0,3.833078
1478,539,1.0,3.9089663
1478,726,2.0,3.781848
1478,2257,3.5,3.95398
1479,368,3.0,4.079528
1479,973,2.5,4.1692233
1480,2703,4.0,4.2030826
1481,1064,4.0,4.0473604
1481,2109,5.0,3.6037796
1483,649,2.0,3.5451772
1486,715,3.0,3.5088181
1486,1638,5.0,3.4182594
1491,2895,4.0,3.567883
1492,99,4.0,3.700415
1492,673,3.5,3.7613816
1492,1767,4.5,4.397271
1492,2172,4.0,3.9611049
1495,327,1.5,3.4800277
1495,396,3.0,3.6997237
1495,422,3.0,3.5164523
1495,532,2.0,4.0633125
1495,998,4.0,4.3970995
1495,2003,2.5,4.1168566
1497,746,3.0,3.5944653
1500,1481,3.0,3.0248804
1501,147,5.0,2.9859595
1503,1546,5.0,4.2542086
1503,2435,3.0,4.3251133
1504,536,3.0,4.483932
1504,1392,3.0,4.753602
1504,2207,4.5,3.8009207
1512,65,4.5,3.853228
1512,93,4.0,3.624106
1512,109,3.5,4.364971
1512,197,3.0,4.2485046
1512,376,4.0,3.8055034
1512,428,2.5,2.7735572
1512,502,4.0,2.9656053
1512,698,3.0,3.2676954
1513,164,4.0,3.2143502
1514,1265,4.0,4.5811887
1515,1180,3.5,4.7436266
1516,114,0.5,4.4839497
1516,420,3.5,3.6156015
1519,110,5.0,3.639784
1521,581,0.5,3.6721158
1522,278,4.5,3.727782
1522,697,5.0,3.796423
1522,1134,5.0,3.7810946
1522,1421,4.0,3.6959233
1524,49,3.5,2.9811516
1527,548,5.0,4.112053
1527,1973,5.0,3.6710074
1527,2887,5.0,3.5807781
1529,148,4.0,3.5651171
1531,424,5.0,4.074314
1533,191,4.0,3.4902124
1533,277,3.5,3.9062333
1533,505,4.0,3.6261523
1533,538,5.0,3.415586
1533,711,4.0,3.410312
1533,1260,3.0,3.4657009
1533,2438,3.5,3.6630177
1538,896,5.0,3.909895
1541,1398,5.0,3.466737
1542,671,4.0,2.9033823
1545,175,4.5,2.9716437
1548,654,3.5,2.9654255
1550,116,2.0,4.1844435
1551,235,3.5,4.005224
1551,1948,4.5,4.7594476
1554,1192,3.0,4.5014477
1554,1717,2.5,4.7674375
1554,2071,2.0,3.6458383
1563,339,5.0,3.525321
1563,513,5.0,4.4411325
1563,674,5.0,4.836289
1563,824,5.0,3.4953046
1563,974,3.0,3.2836595
1563,1217,5.0,3.7356825
1563,1489,5.0,3.9754753
1566,264,3.5,3.8341453
1566,501,4.0,4.4362445
1566,1001,3.5,3.702518
1566,1179,2.0,3.8722844
1569,1462,4.0,3.0681
1571,333,5.0,2.9690337
1572,183,4.0,3.17638
1575,101,4.0,3.1708632
1575,1879,4.0,2.9887273
1576,1428,3.5,2.8653483
1577,1153,5.0,3.202271
1577,1202,3.5,2.9859228
1578,203,3.5,3.026165
1579,467,4.5,2.6598299
1580,28,1.5,3.2296662
1580,956,3.5,2.9496968
1580,1057,1.5,3.0341582
1580,1486,2.5,3.2326279
1582,176,4.0,3.123214
1584,456,3.5,4.3671675
1588,1370,4.5,3.844326
1588,1794,5.0,3.975214
1593,1794,2.0,3.9371178
1594,939,3.0,3.8714743
1595,1970,4.0,3.672727
1599,290,5.0,3.5824986
1599,2207,4.0,4.2457085
1601,2510,3.5,3.7914038
1602,63,5.0,4.018614
1602,544,5.0,2.8558888
1604,1913,4.0,2.786089
1608,1745,4.0,2.826395
1611,903,5.0,3.421633
1618,1993,3.0,3.414
1618,2142,4.0,3.385384
1625,101,4.0,3.258342
1625,106,5.0,3.3394363
1625,601,5.0,3.8762326
1625,1091,3.0,3.8699346
1625,1860,5.0,3.747572
1625,1954,5.0,4.0237784
1625,2547,4.0,4.3156376
1626,277,3.5,3.9534864
1626,543,4.0,3.0631506
1628,371,4.0,3.9608445
1628,1393,4.5,3.078165
1628,1680,3.0,3.394033
1629,740,4.5,2.9254837
1629,1039,4.0,3.5476265
1629,1681,4.0,4.0845904
1641,571,4.5,3.7314568
1641,1018,4.0,3.6491456
1643,913,1.0,3.7860296
1644,176,4.0,3.7665644
1650,876,4.0,3.5095549
1651,44,5.0,2.7753723
1651,446,4.5,3.4860678
1654,358,4.5,3.6564841
1654,841,4.5,3.019488
1654,2410,3.5,3.636455
1655,508,3.0,3.7479606
1656,406,3.5,3.7806602
1656,497,3.5,2.3027859
1656,648,4.5,2.749007
1656,760,4.0,3.800052
1656,807,3.5,4.2776055
1656,824,4.0,4.07738
1656,1102,4.0,4.1969957
1656,1920,5.0,4.398923
1656,2797,4.0,4.2425
1656,2939,4.0,3.2488403
1657,558,4.5,3.290507
1657,841,4.5,4.570588
1660,737,4.5,3.4047496
1660,1447,4.5,3.511698
1660,2839,4.5,3.598674
1665,124,3.0,3.8158827
1666,709,3.0,3.6058466
1671,706,3.0,3.5172048
1671,707,4.0,3.5986366
1671,851,5.0,4.517047
1671,1009,3.5,4.75364
1671,2026,4.0,4.6037846
1673,501,5.0,3.0930169
1675,55,4.0,3.1765242
1677,256,3.5,2.9940107
1677,612,3.0,3.3686588
1678,526,4.5,3.2963147
1683,1485,5.0,3.4099483
1687,16,4.0,3.9288912
1687,512,3.5,4.546062
1687,687,3.0,4.7156773
1687,985,4.0,4.6542673
1688,471,4.0,4.7550545
1688,605,5.0,4.6956244
1690,1097,4.0,4.5167913
1690,1207,3.5,3.9513376
1690,1973,4.0,4.142798
1690,2966,3.5,3.9579468
1691,0,5.0,3.137241
1691,26,5.0,3.367156
1691,461,5.0,2.967662
1692,71,4.0,4.1856647
1692,78,3.5,4.0044975
1692,216,1.5,3.3677778
1692,277,3.5,3.4321277
1692,422,2.5,3.4556074
1692,521,3.0,3.6244602
1692,576,4.0,3.1656218
1692,832,2.0,3.6147795
1692,1010,1.0,3.723978
1692,1191,1.5,3.5710516
1692,1347,1.0,3.4949384
1692,1440,1.5,3.4025626
1692,1506,4.0,4.413987
1692,1617,3.5,4.514218
1692,1811,3.0,3.9946465
1692,1902,3.5,4.107571
1692,1955,3.0,4.1969852
1692,1993,4.0,4.2442
1692,2228,1.0,3.324121
1692,2590,1.5,3.2745256
1696,32,4.5,3.9394813
1696,114,3.5,4.2212315
1696,215,3.0,4.2104197
1696,736,3.5,3.9027371
1696,770,4.5,4.0141764
1696,1126,3.5,4.0163183
1696,1649,4.0,4.168077
1696,1776,4.0,3.5921245
1696,2166,2.5,4.650159
1697,1364,5.0,4.6096725
1698,27,4.0,4.4527173
1699,2442,5.0,3.3183408
1699,2830,5.0,3.3989744
1700,798,2.0,3.4333246
1702,1193,4.0,3.1553874
1707,697,3.5,3.0797827
1708,1076,3.5,2.9088907
1709,364,5.0,3.1796522
1712,144,4.5,2.8786774
1712,148,5.0,3.9628751
1712,241,4.5,3.9362516
1712,280,4.0,3.9979339
1712,438,5.0,3.9489088
1712,1553,4.5,4.0172176
1712,2518,2.0,4.0786524
1712,2559,4.0,3.7883508
1712,2745,5.0,4.077093
1716,867,3.5,4.2640033
1725,0,4.0,3.8690543
1729,89,4.5,4.0054393
1735,671,2.0,4.0057983
1740,1829,2.0,3.6251864
1744,105,3.5,3.551159
1744,168,3.0,4.510955
1744,1057,3.0,3.5319765
1744,2398,4.0,3.7281141
1745,50,2.0,3.8891993
1745,128,5.0,3.8183818
1745,217,4.0,3.656222
1745,1137,4.0,3.494646
1745,2707,4.0,4.078822
1746,259,5.0,3.7310307
1746,511,4.0,3.6838822
1746,734,3.5,3.2916014
1746,807,4.0,3.7886114
1746,1750,3.5,3.5793643
1746,2505,4.5,3.7293134
1746,2975,5.0,3.7345264
1747,166,5.0,4.07278
1747,2892,5.0,3.7208054
1749,41,2.5,4.0689974
1749,149,2.5,4.183563
1750,345,2.0,4.14109
1750,736,5.0,2.3866048
1750,806,3.5,3.5487628
1753,237,5.0,3.1425786
1755,164,3.0,3.0615702
1757,258,4.0,3.2842815
1757,360,4.0,3.247019
1757,1197,3.5,3.4653196
1757,2302,4.0,3.4787319
1757,2381,3.5,3.52222
1759,463,3.5,3.4925275
1762,12,5.0,3.5653815
1762,578,5.0,3.7146468
1762,1555,4.5,3.7864852
1766,91,5.0,4.5146456
1766,303,4.5,3.157644
1766,432,5.0,3.3911753
1766,1485,2.5,3.355576
1766,2149,5.0,3.1868403
1768,678,3.0,3.1400533
1768,2808,3.0,3.338856
1769,747,4.5,3.5420356
1772,2469,5.0,2.9257202
1773,1471,4.5,3.1171608
1773,1705,4.5,3.6472847
1774,157,4.0,4.0488415
1774,195,3.5,3.712843
1774,454,3.5,3.877096
1774,823,3.0,3.917286
1776,156,5.0,3.193541
1776,933,4.0,3.7061539
1776,2783,3.5,3.788775
1778,1761,1.5,3.6797907
1779,746,3.0,3.841242
1779,1342,4.0,3.7883878
1779,1435,5.0,3.6889281
1779,1637,4.5,3.3912802
1779,1908,3.5,3.5602727
1791,2805,3.5,3.9788046
1794,2353,3.5,4.039021
1795,48,5.0,3.4549112
1797,322,4.5,3.4489782
1797,456,4.0,4.309507
1797,689,4.5,4.262518
1799,462,5.0,4.434088
1800,83,3.0,4.4474573
1800,584,5.0,4.408106
1800,670,5.0,4.313047
1800,703,2.5,3.7043817
1800,844,3.5,3.800268
1800,1185,3.5,3.8745077
1800,1195,5.0,3.998728
1805,1831,4.0,3.8809333
1807,1990,3.5,3.7839513
1810,648,2.5,3.5646787
1812,104,4.0,4.053959
1813,1441,5.0,3.9840112
1813,2940,3.5,3.9363675
1815,514,1.0,4.041506
1817,22,4.0,4.1432037
1817,59,3.0,4.082732
1817,135,5.0,2.5226293
1817,365,4.0,2.3715184
1817,881,4.0,1.8564438
1817,2237,4.0,2.335483
1817,2702,5.0,3.0699816
1817,2919,5.0,3.430573
1818,2572,4.0,3.2104988
1824,1134,4.5,3.2676563
1827,119,5.0,3.0889463
1827,217,5.0,3.1143563
1827,1340,5.0,3.088762
1827,1703,5.0,3.3351693
1827,1836,5.0,3.9915862
1830,720,5.0,3.7141223
1833,903,4.0,4.118747
1833,1513,4.0,3.7922263
1836,1686,3.0,3.6857018
1837,188,2.5,3.3163166
1838,481,3.5,4.873529
1838,1164,3.5,4.224802
1842,169,5.0,3.5918546
1842,575,3.5,3.3009703
1850,518,4.5,4.4666433
1851,60,3.0,4.47518
1851,194,3.5,3.1767728
1851,1132,3.0,3.722712
1851,1666,3.5,5.0302486
1851,1874,3.0,4.9309354
1851,1950,3.0,3.9020505
1851,2741,3.0,4.655942
1856,302,4.0,3.2537012
1857,792,5.0,3.2168636
1857,861,3.0,3.195151
1857,1330,4.5,3.9032254
1857,2218,3.5,3.793348
1857,2422,5.0,3.9716964
1868,317,4.5,4.107458
1868,380,3.0,4.1348066
1868,499,4.0,4.0123463
1870,399,3.0,3.3183932
1873,188,4.0,3.7033823
1873,1089,5.0,3.7237797
1877,90,5.0,4.03028
1877,1378,2.0,3.6685753
1880,320,1.5,3.3319342
1880,2296,4.0,3.2143638
1881,1846,3.5,3.2356672
1885,919,4.0,3.2706468
1887,132,3.5,2.9660652
1888,554,1.5,3.3832653
1888,1546,4.0,4.0322523
1890,294,5.0,3.8425808
1890,1089,5.0,2.8493996
1894,2352,5.0,2.3675442
1895,558,5.0,2.8387246
1895,1783,4.5,3.2159665
1900,1643,5.0,3.8472462
1902,803,2.0,3.9404244
1905,188,1.5,3.944599
1905,704,3.5,3.1586568
1905,801,4.0,3.1397178
1905,1149,3.5,3.3568504
1905,2314,4.0,2.8807645
1910,593,3.5,2.8161206
1911,0,5.0,2.8071404
1911,1094,4.5,2.899724
1915,1198,1.0,3.072598
1916,498,3.5,3.390524
1917,468,4.0,3.3421845
1917,842,3.0,3.9522192
1917,1441,4.0,3.3292468
1920,181,3.5,3.2657738
1920,493,3.0,4.0534306
1920,2356,4.0,3.8804696
1920,2685,2.5,3.631448
1921,104,3.0,3.46459
1922,781,4.0,3.6736412
1922,910,5.0,3.557959
1922,1773,5.0,3.665587
1922,1887,5.0,3.4261637
1923,348,3.0,4.308117
1923,1489,4.0,4.553321
1923,1912,3.0,3.6682606
1926,2704,4.5,3.7896972
1927,2249,3.5,3.93039
1927,2857,2.5,3.127346
1928,2175,4.5,3.3883898
1930,39,3.5,3.8110769
1930,40,3.5,3.946346
1930,943,4.0,3.555245
1930,1237,4.0,3.343021
1930,1354,4.5,3.5387099
1930,1550,3.5,4.508638
1937,1375,5.0,4.3993006
1949,676,5.0,4.520792
1949,1379,5.0,3.5206838
1951,41,4.5,4.473327
1951,1112,4.5,4.607543
1951,1280,3.0,4.7669134
1952,742,4.5,4.5969296
1952,2579,2.5,4.389489
1954,468,2.0,4.573948
1954,534,3.5,3.368309
1954,1475,3.5,4.097229
1954,2174,3.5,3.9892645
1961,183,5.0,4.238671
1961,298,1.5,3.3576474
1961,1638,1.0,3.793689
1961,2818,2.0,3.9658768
1963,412,5.0,3.7873468
1967,227,4.5,3.7422354
1969,671,4.0,3.9607575
1970,112,3.0,4.316156
1973,1498,3.0,3.9736202
1973,1950,3.0,3.492117
1985,181,4.5,3.338526
1985,829,5.0,3.372015
1986,807,2.0,2.9921782
1986,1593,5.0,3.4069672
1987,771,4.0,4.02981
1988,963,5.0,4.1408577
1989,2071,4.0,4.118534
1991,6,5.0,4.4174995
1992,2934,5.0,4.351493
1993,41,4.0,3.845416
1993,499,5.0,3.9196467
1995,2242,3.5,3.9527497
1996,91,2.5,2.1037164
1996,304,3.5,1.3404213
1996,330,3.0,1.6106153
1996,623,3.0,3.7782936
1996,693,3.0,3.996725
1996,1246,0.5,3.5591784
1996,2106,4.0,4.025161
1996,2263,3.5,3.694759
1996,2380,3.5,3.9313369
1996,2650,2.5,3.3820941
1997,254,5.0,3.3219018
1998,1760,4.5,3.6341457
1998,2982,5.0,3.6853275
1999,881,5.0,3.9694896
2002,731,2.5,3.8519893
2004,285,5.0,3.8779497
2004,333,5.0,3.4984255
2004,669,5.0,3.1116147
2004,778,5.0,3.6961737
2009,59,4.0,3.6860933
2009,1641,5.0,3.448691
2014,272,3.0,3.8853695
2016,884,5.0,3.6272779
2024,1149,5.0,3.5582519
2024,1524,4.5,3.412445
2025,342,5.0,3.8158398
2026,121,4.5,3.5460353
2026,473,3.5,3.8872213
2026,514,3.5,3.7602854
2026,801,4.0,3.7351804
2026,824,4.5,3.5373092
2026,1080,4.5,3.6059287
2027,456,5.0,2.9548416
2029,1885,3.5,2.9058852
2029,2109,4.0,3.6524472
2032,203,5.0,3.5431328
2035,213,5.0,3.6141605
2035,536,4.0,3.6649308
2036,281,4.0,3.1407037
2036,1430,4.0,3.09738
2043,2024,4.0,3.2431087
2047,2168,3.5,3.6873095
2052,1007,3.5,3.6726532
2052,1088,3.5,3.5441122
2057,331,4.5,3.8388278
2060,97,4.0,3.416339
2060,506,3.5,3.3418925
2061,147,5.0,3.557006
2075,265,4.5,3.8403106
2075,1258,4.5,3.8211412
2076,172,2.0,3.9139366
2082,952,4.0,4.0173388
2084,1127,4.0,3.5438466
2084,2305,4.5,3.8115435
2087,131,4.5,3.820228
2087,1255,5.0,3.798471
2087,1669,5.0,3.6027074
2087,2686,5.0,3.802666
2089,94,2.5,3.9763255
2090,146,4.0,3.8185787
2090,375,4.0,3.8202455
2090,719,2.5,3.270948
2090,872,1.0,3.7154903
2090,1573,2.0,3.723104
2090,1873,1.5,3.7363849
2095,2160,4.0,3.5990233
2095,2334,3.5,4.2341003
2099,598,5.0,2.9098496
2101,837,5.0,3.3016071
2101,868,4.0,3.0858593
2101,1048,5.0,2.9162827
2106,34,3.0,3.176032
2113,592,4.0,3.4732285
2113,913,4.5,3.350574
2114,840,4.0,3.3871398
2116,257,4.5,4.173399
2116,1323,4.5,3.6731079
2118,607,3.0,3.6154115
2118,2344,3.0,3.7485628
2122,1011,5.0,3.7781057
2123,369,5.0,3.790349
2123,500,4.0,4.2286625
2123,1879,5.0,3.9785547
2128,629,3.0,3.9954827
2128,1286,1.0,3.6635256
2131,261,3.0,3.7866025
2135,2492,1.5,4.473303
2139,363,3.5,4.6974297
2139,596,3.5,3.751637
2141,83,3.5,3.8175178
2146,1110,5.0,3.5865738
2148,1168,2.5,3.708558
2149,192,5.0,4.4822745
2149,554,5.0,4.3491344
2151,139,2.5,4.3765564
2151,188,2.0,4.4261837
2151,689,2.0,4.391822
2151,2974,2.0,4.214597
2152,496,5.0,3.4682736
2152,908,5.0,3.4552107
2152,1040,5.0,3.613058
2152,1115,5.0,3.5620418
2152,2149,5.0,4.4093437
2152,2743,5.0,3.7690043
2159,136,1.5,3.250678
2161,2500,4.0,3.309196
2164,2233,5.0,3.7075198
2166,2133,3.0,3.3522022
2175,706,4.5,2.9001913
2175,963,4.5,3.040101
2175,1025,5.0,2.828342
2175,1419,4.5,2.7528288
2175,1846,4.5,3.1116452
2175,2004,4.5,3.1652224
2178,415,4.5,3.3511558
2178,1183,3.0,3.4896061
2178,1357,5.0,3.261541
2178,1471,4.5,3.4861848
2178,1564,4.0,3.030649
2178,1658,5.0,3.246179
2178,1806,4.0,3.2936792
2178,2212,4.0,2.9713871
2178,2708,4.5,3.2692995
2180,376,2.5,3.2153454
2181,165,4.0,2.9588926
2181,273,2.5,2.7235198
2181,339,2.0,3.073834
2181,728,3.0,2.9932208
2181,885,3.0,2.9794612
2182,6,3.5,4.2521276
2182,315,2.0,4.327224
2182,1395,2.5,4.384789
2189,1644,5.0,4.1057496
2189,2294,5.0,4.125124
2190,1564,5.0,4.0919027
2191,832,5.0,3.6129327
2191,945,4.5,3.6324472
2191,1192,4.0,3.9476578
2191,1855,4.0,3.7297084
2192,387,4.5,3.7902713
2193,155,4.0,2.5483193
2193,853,5.0,2.6096911
2193,1045,5.0,3.0200253
2193,1764,5.0,2.979549
2193,1765,5.0,2.949008
2193,2094,5.0,4.0861177
2195,691,3.5,3.6590264
2199,1073,5.0,3.8218606
2201,101,3.5,3.590779
2201,241,3.5,3.6012592
2201,336,2.5,3.6710734
2201,626,3.5,3.575642
2204,1130,3.0,3.3288963
2205,254,2.5,3.024055
2205,343,2.0,4.931905
2205,551,3.0,4.9694195
2205,1752,4.0,4.739644
2207,1059,5.0,3.5203762
2210,129,2.0,3.2834177
2210,374,5.0,3.950038
2214,1997,3.5,4.065401
2215,239,5.0,3.824228
2216,718,2.5,2.6520543
2216,1064,4.5,2.6008117
2216,1121,3.5,2.6320076
2219,192,4.0,3.9687433
2219,320,4.0,3.8934379
2220,98,4.5,3.5315204
2220,880,5.0,3.527792
2220,1281,4.0,4.283076
2221,31,3.5,4.069352
2221,123,3.5,4.2435284
2221,185,4.0,4.2664366
2221,222,4.0,4.376473
2221,255,4.0,3.8855596
2221,321,3.5,4.1262646
2221,957,3.5,4.1625233
2221,969,3.0,4.163728
2223,6,3.5,3.9645953
2227,212,5.0,4.118703
2235,1110,3.5,3.869093
2236,1216,3.0,3.7931669
2236,1503,5.0,3.5721366
2238,320,5.0,4.2360015
2238,484,5.0,4.1082983
2238,1089,4.5,4.0607347
2238,1398,5.0,4.3271008
2238,2700,4.5,3.9820647
2242,5,4.5,4.4117646
2242,323,4.0,4.2506094
2242,423,4.0,4.2379637
2242,903,5.0,3.2856739
2242,2019,3.0,4.0934725
2245,241,1.0,3.4421327
2246,1811,5.0,3.8404427
2251,66,4.0,3.6779163
2251,189,4.0,3.965448
2251,548,4.5,3.88597
2251,1817,4.0,3.698542
2251,2586,3.0,2.8583984
2251,2895,5.0,4.02396
2258,575,4.5,4.1666937
2258,701,5.0,3.8182526
2258,707,4.0,3.7867389
2258,2333,5.0,4.132583
2260,59,2.0,4.02544
2260,104,1.5,3.6838984
2260,203,2.5,3.6716747
2261,1757,5.0,4.9845667
2261,2587,5.0,4.549668
2263,2182,4.5,4.4537706
2265,947,3.5,4.2873735
2265,1275,3.0,3.607609
2265,2406,4.0,2.920757
2267,668,4.0,3.4765463
2276,82,4.0,3.4001074
2278,554,1.5,3.193327
2279,935,3.0,3.5232313
2279,2028,2.5,3.0629034
2287,1025,3.5,3.0862455
2291,2749,4.5,3.1757314
2294,30,5.0,3.0665388
2294,403,4.5,3.3741908
2294,2392,3.5,2.9825857
2295,304,3.5,3.9117868
2298,484,4.0,3.6261296
2303,656,5.0,3.7937512
2304,128,1.5,3.9245896
2304,1742,5.0,3.511124
2305,1919,5.0,3.6715636
2307,1511,4.5,3.7941668
2313,853,4.5,3.8080053
2315,0,4.0,4.1329813
2315,215,3.0,3.6044536
2315,272,3.5,4.1761894
2315,823,2.0,3.9167328
2315,932,4.0,4.0274796
2315,1493,4.0,3.9290037
2315,1782,4.0,3.5562909
2317,263,5.0,3.1876798
2317,2788,5.0,3.0386388
2320,2254,5.0,3.203872
2322,58,4.5,3.007937
2322,1678,4.5,3.140278
2322,1982,4.5,3.133859
2325,1590,4.5,3.0796773
2325,2374,4.5,3.172559
2327,486,2.5,2.872878
2327,764,4.0,3.2776732
2327,1065,2.5,3.4005256
2327,1802,4.5,4.209512
2328,2807,2.5,4.0218782
2332,2230,4.0,4.4233656
2340,82,4.0,4.713443
2341,188,4.0,4.0826054
2341,291,5.0,3.8268595
2343,742,4.5,3.4228663
2347,401,3.5,3.8073864
2351,252,5.0,3.7985215
2351,469,5.0,3.92949
2352,68,3.0,3.7187698
2352,151,4.0,3.829636
2352,687,4.0,4.280463
2352,1648,3.0,3.1422348
2352,2418,3.5,3.1103601
2352,2614,3.0,3.3437934
2356,24,3.5,3.2122278
2356,843,4.0,3.4913437
2358,1244,5.0,3.2513096
2361,1819,2.0,3.3710983
2364,179,4.5,3.3474436
2364,516,3.5,3.4383173
2364,665,4.0,3.421814
2364,857,4.0,2.8442676
2366,484,4.0,3.7184548
2370,667,4.0,4.045412
2370,690,3.5,4.169359
2372,399,3.0,3.7794242
2373,1016,1.5,3.324273
2376,405,5.0,3.473936
2376,527,5.0,3.074263
2376,1023,4.0,3.5963485
2378,86,3.5,4.331604
2378,1143,3.0,4.023636
2390,1638,4.0,4.5028257
2393,101,1.5,4.1710653
2393,2212,5.0,4.3213434
2393,2326,4.0,4.8628235
2393,2372,5.0,4.798463
2393,2784,3.5,4.9359636
2395,1020,3.5,4.6117268
2397,469,4.0,4.7681193
2399,180,3.5,4.943348
2399,918,4.0,4.8142204
2400,211,2.0,4.99915
2400,349,2.0,4.8979144
2400,818,2.0,4.655787
2400,1464,2.5,3.5910015
2400,1622,3.0,3.3506
2400,1813,1.0,3.432826
2400,1984,2.0,4.0662737
2400,2051,2.0,2.5005097
2400,2138,2.0,2.539931
2400,2383,1.0,2.564774
2401,1524,3.0,2.4140031
2402,908,2.5,2.4950016
2402,2238,4.5,2.3809261
2405,1555,2.0,2.4166536
2405,1959,3.0,2.6135235
2406,5,5.0,2.522036
2406,1355,3.0,2.4356701
2407,466,5.0,2.4320028
2409,431,2.0,2.4570813
2409,767,2.0,2.509793
2409,1295,3.0,2.2867491
2409,2223,4.0,2.5258346
2410,866,4.0,2.6287808
2410,1160,4.5,4.316231
2411,304,2.0,3.9740896
2415,2225,3.0,3.9505453
2418,1077,1.5,4.1310587
2418,1121,5.0,3.0121636
2418,2192,5.0,3.4377751
2419,1856,3.5,3.3695102
2430,629,3.5,3.2805796
2430,2024,3.0,3.5568147
2435,518,2.5,3.9439678
2436,204,3.0,3.1284888
2436,1062,4.5,3.160897
2437,1539,4.0,3.3850288
2439,41,3.0,3.5854747
2439,1240,3.5,3.6794844
2454,297,5.0,3.748724
2455,549,5.0,3.9087691
2457,558,5.0,3.4150455
2457,720,5.0,3.41963
2458,5,4.0,3.714817
2458,93,4.5,4.115801
2458,851,5.0,4.254505
2458,1049,2.5,4.0722075
2460,215,4.5,3.981984
2460,429,3.0,4.0618663
2460,765,2.5,4.226448
2460,2369,3.5,4.327544
2460,2519,2.5,4.440857
2460,2837,0.5,4.5414824
2463,287,4.5,3.9949005
2463,355,3.0,1.962311
2463,1016,3.0,1.8085268
2463,1268,3.5,3.2966306
2463,2776,4.5,2.9137242
2468,320,5.0,3.654467
2474,643,5.0,4.0349264
2474,1925,5.0,4.0719423
2475,8,3.0,3.5403543
2475,1480,3.5,3.6886482
2475,2024,3.5,3.707229
2482,547,3.0,3.4675083
2482,1426,3.0,3.4199667
2489,110,4.5,3.2694988
2489,113,4.0,3.473334
2492,97,4.0,3.2793784
2493,477,3.0,3.5897434
2493,1265,3.0,3.5707908
2502,2703,0.5,3.340069
2504,2784,3.0,3.5093825
2510,140,5.0,3.8308778
2512,668,3.5,4.0042477
2513,18,4.0,3.5052028
2513,833,4.0,4.5683303
2514,1161,4.5,4.449875
2514,1335,3.0,4.6039305
2515,1078,5.0,4.479808
2515,1848,5.0,4.415509
2515,2805,5.0,3.8263688
2516,448,4.0,3.4272618
2518,678,3.0,4.463677
2518,859,5.0,4.6442237
2518,919,3.5,4.405761
2518,1551,3.0,4.422517
2518,2887,3.0,3.8213344
2518,2965,3.5,3.6692939
2520,1420,5.0,3.7239926
2520,2386,5.0,3.9596453
2522,408,5.0,1.7296447
2522,1364,3.5,4.763725
2525,304,4.0,4.302664
2527,72,4.0,3.9026828
2527,304,2.0,4.224866
2527,401,4.5,4.195385
2527,640,4.0,4.2539015
2527,702,4.0,4.156427
2527,835,3.5,4.424891
2527,836,4.0,3.8501616
2527,1446,3.5,3.783831
2527,1924,4.0,3.7227745
2528,1091,5.0,3.6145005
2528,2639,5.0,3.656042
2531,607,3.0,3.307231
2531,2446,3.5,4.0636806
2533,49,1.0,4.1582704
2535,1462,3.0,3.7912722
2535,2176,4.0,3.874793
2536,550,3.0,3.8608737
2536,1042,4.5,3.0025558
2538,428,3.0,3.0670013
2538,2577,3.0,3.0830967
2538,2728,3.0,4.516247
2539,737,0.5,4.542692
2540,2295,5.0,4.5276394
2542,219,3.5,4.624177
2542,1101,4.5,4.364133
2542,1386,3.0,4.385706
2542,2412,5.0,4.3113313
2542,2627,3.5,4.3650684
2543,1035,5.0,3.735396
2547,361,0.5,3.3224468
2547,564,0.5,4.2108474
2547,980,3.0,4.2295523
2549,359,3.0,4.782427
2549,639,4.0,4.769751
2553,1812,5.0,4.8231993
2557,2160,5.0,4.8138323
2559,431,4.0,3.100047
2562,852,4.0,3.418537
2565,878,5.0,3.4846148
2565,2156,5.0,3.2843208
2571,380,4.0,3.5200355
2571,1192,3.0,3.6699805
2571,1370,3.0,3.4020574
2571,2567,4.0,2.479906
2572,622,0.5,3.6140952
2575,574,5.0,3.7258143
2580,2356,2.0,3.9097254
2584,85,4.5,3.8055677
2584,2752,4.5,3.780092
2588,591,4.0,3.6401858
2592,1323,1.5,3.6606648
2592,2139,5.0,3.416344
2593,100,1.0,3.551162
2593,460,1.5,3.7351632
2593,1104,5.0,4.141588
2593,1422,1.5,3.9205592
2595,308,4.0,3.9076705
2601,203,3.0,3.8089519
2602,914,4.5,3.8463821
2604,51,2.5,4.223777
2604,199,2.5,3.645353
2604,300,3.5,3.1097975
2604,837,2.0,3.3214698
2604,1045,4.0,2.9702191
2604,1115,3.0,4.3628345
2604,1287,2.5,4.302984
2604,1527,3.0,5.019492
2604,2388,3.5,4.203358
2604,2389,2.5,4.114268
2604,2743,2.5,3.6441913
2606,230,3.5,2.5052643
2606,1171,3.0,4.1060743
2606,1743,2.5,3.5884924
2611,47,4.0,3.701809
2611,145,3.0,3.7031574
2611,693,3.0,3.7396305
2611,702,2.0,3.1983144
2612,1950,4.0,3.3768425
2612,2124,2.5,3.2070882
2613,693,2.5,3.288576
2613,1574,2.0,3.7737064
2613,2652,4.0,3.8082728
2614,210,4.5,3.6494215
2615,71,4.5,3.2734346
2615,1370,4.0,2.9208364
2622,106,5.0,4.0916605
2622,1539,3.0,4.3035603
2622,2339,5.0,4.0526075
2623,177,2.5,4.124908
2623,939,2.5,4.033305
2623,1661,2.5,4.2935085
2624,493,3.5,4.454156
2628,524,1.0,4.5364423
2628,1049,3.5,3.8705542
2628,1052,2.5,3.588727
2629,362,4.5,3.20777
2629,1663,4.5,2.7646887
2629,1901,4.5,2.9946425
2630,81,4.0,3.387145
2631,298,2.5,3.4492798
2635,260,3.0,3.5697453
2635,311,3.0,3.3875158
2635,2039,2.0,4.6953697
2637,93,3.0,4.5777884
2637,181,2.5,2.9457421
2638,2680,4.0,2.9366236
2648,1808,2.0,2.8826227
2650,276,3.0,4.7830887
2650,1168,3.5,4.0355654
2654,63,3.0,4.7834773
2654,559,3.0,4.7678576
2657,1692,5.0,4.931638
2658,1765,3.5,3.232829
2660,506,5.0,3.2286797
2663,64,3.5,3.5334685
2666,539,4.0,2.998351
2666,1973,4.5,3.360866
2666,2334,4.5,3.3227825
2667,938,3.0,3.6411986
2667,1409,3.5,3.913612
2668,55,3.5,3.7342653
2668,156,3.0,3.7041507
2668,362,3.0,3.977473
2668,485,3.5,3.6749647
2668,630,3.0,3.6612082
2668,713,4.0,4.0359855
2668,820,4.0,4.00681
2668,1590,3.0,3.7730656
2668,1780,2.5,3.6701427
2668,2995,3.0,3.440961
2669,1202,5.0,3.8582017
2670,554,3.0,4.178445
2671,94,4.5,3.849029
2671,518,4.5,4.196291
2671,701,4.5,3.8896432
2671,876,4.5,3.9110014
2671,1519,5.0,3.9797914
2673,110,4.5,3.3804953
2674,985,4.0,3.3912756
2676,83,4.5,3.6320438
2685,226,2.5,3.142465
2689,7,3.5,3.95955
2690,1083,2.0,4.025532
2693,84,5.0,3.584659
2693,423,5.0,4.286219
2695,1543,3.0,3.9893253
2695,1768,4.0,3.5452783
2697,468,2.5,4.091179
2697,2766,4.5,3.890521
2702,2193,4.5,4.0302362
2710,1940,5.0,3.8972092
2712,219,4.5,3.5024881
2718,489,5.0,3.3722413
2724,147,1.5,3.3824337
2724,543,2.5,4.70426
2726,385,3.5,4.1123343
2727,89,1.0,4.258786
2727,503,1.0,4.1320734
2727,600,1.0,3.928222
2727,818,1.0,4.2894907
2731,17,3.0,4.385652
2731,191,4.5,3.327577
2731,482,4.0,3.4594007
2731,560,5.0,3.465424
2731,1974,3.0,3.2738273
2733,307,5.0,3.2204008
2734,33,3.0,3.4879458
2734,350,2.5,4.259973
2734,1002,2.5,4.358438
2734,1511,3.5,3.1887903
2735,484,3.0,2.9861245
2735,1555,2.5,2.7236164
2738,457,5.0,3.1677685
2738,954,5.0,2.7233982
2742,10,4.0,3.1362748
2742,678,4.0,3.795858
2742,685,5.0,1.9619133
2742,846,3.0,1.9346589
2742,978,4.5,1.8614681
2742,2076,5.0,4.919471
2743,776,2.5,3.725108
2746,986,1.5,3.698553
2747,1745,3.0,3.731648
2748,554,4.0,3.3794272
2750,461,5.0,2.5272431
2750,861,3.0,4.4633827
2754,701,3.0,4.221899
2754,2392,5.0,3.4274607
2755,1504,3.5,3.593012
2755,2734,5.0,3.4356184
2756,758,5.0,3.952479
2756,2069,5.0,3.2808332
2757,118,4.0,3.9108214
2760,135,5.0,3.9192476
2760,1179,5.0,3.6884758
2761,606,4.5,3.8600245
2761,777,5.0,3.6657972
2761,851,5.0,3.7677205
2763,370,3.0,3.5987945
2770,473,4.5,3.466807
2782,275,5.0,3.6079578
2782,1003,3.5,4.2253137
2782,1357,4.0,4.3632803
2786,8,5.0,2.9978628
2786,50,5.0,3.8650563
2786,1477,5.0,3.7411213
2799,736,4.0,3.7307906
2799,1828,4.0,4.1007586
2802,751,5.0,2.334426
2802,1048,5.0,2.5824933
2802,1608,5.0,4.28415
2807,118,2.5,4.268124
2813,85,5.0,4.2643967
2813,511,5.0,4.454934
2813,806,4.0,3.2450523
2815,973,4.0,3.5280318
2820,130,4.5,3.5378006
2823,399,4.0,3.4996052
2826,1477,4.5,3.6752381
2826,1966,3.0,3.7703805
2828,144,3.5,3.6759367
2828,528,3.5,3.6596084
2828,648,4.5,4.016
2828,705,4.0,3.7514307
2828,784,3.0,3.9511101
2828,797,4.5,3.3039145
2828,1267,5.0,3.6574926
2828,1875,3.5,3.6107168
2828,2344,3.5,3.6826794
2828,2720,5.0,3.3451142
2828,2916,3.5,3.2342882
2829,424,3.5,3.1603515
2829,746,2.5,3.2086868
2829,1495,5.0,3.7223046
2833,1317,3.5,3.497611
2839,318,3.5,3.8479147
2839,558,4.5,3.605844
2841,201,2.0,3.2196655
2842,192,4.0,4.1087046
2842,2015,4.5,4.1316295
2842,2460,4.0,3.3022113
2844,1603,4.5,3.3512511
2848,869,3.0,3.1916108
2851,604,5.0,3.3824942
2851,977,5.0,3.14479
2851,1332,5.0,3.6349828
2851,1529,5.0,3.132937
2852,95,4.0,3.1113114
2852,280,4.5,4.9040422
2852,1761,2.0,3.6478157
2852,2356,4.5,3.9947305
2853,606,4.5,3.7068696
2853,2089,4.5,3.8938177
2856,1458,4.0,3.950774
2860,574,2.5,3.7421265
2865,1187,3.5,4.0021486
2865,2061,4.0,3.8365512
2868,98,5.0,4.3345165
2868,417,5.0,4.2450085
2872,359,4.0,3.630947
2883,342,5.0,3.7521946
2883,2410,4.5,3.9507666
2884,2344,4.0,3.8093069
2885,339,4.0,3.1483436
2886,1054,3.5,2.872355
2888,147,2.5,2.969895
2890,181,3.5,2.9606924
2892,390,5.0,3.0741353
2892,2803,5.0,2.835076
2893,688,4.0,3.278809
2898,147,3.5,3.780623
2899,417,4.5,4.524827
2906,1158,3.0,4.635024
2918,173,5.0,4.6326194
2921,1350,4.5,3.8556378
2924,425,0.5,2.6647973
2924,622,2.5,3.138696
2931,2230,4.5,3.008968
2932,1169,3.5,3.0296664
2933,1114,3.5,3.3756633
2938,1773,3.0,4.171282
2940,121,4.5,3.5300686
2942,302,3.0,4.187869
2942,758,4.5,2.6831493
2943,2825,1.5,2.7204468
2944,2472,4.0,2.5930068
2948,1368,4.5,2.6493511
2948,2051,3.5,2.6460867
2948,2200,2.0,2.5681217
2949,949,4.5,2.517711
2953,171,5.0,2.7239113
2953,339,4.0,2.5482676
2953,2704,1.0,2.532987
2954,210,3.5,2.453017
2955,1965,4.5,2.6645331
2959,298,3.5,2.6199808
2959,427,0.5,4.2166886
2959,1109,1.5,4.0195837
2959,1678,1.5,3.9434195
2961,715,5.0,3.5893629
2964,204,5.0,3.5828452
2964,1302,5.0,4.1736035
2967,253,4.0,3.822152
2967,878,3.0,3.8432164
2967,1635,1.5,4.928255
2969,442,1.0,4.912988
2969,1007,1.5,4.877249
2969,2169,2.0,4.874794
2971,267,3.5,3.3964067
2971,2018,3.5,3.0256584
2975,192,4.5,3.1833217
2975,701,2.0,3.9467642
2975,792,3.5,3.1105607
2977,253,2.5,3.2345014
2977,436,4.0,3.132546
2977,1234,4.5,3.7835293
2977,1883,4.0,3.6461625
2977,2121,5.0,4.565938
2978,1105,4.5,3.9024162
2981,131,5.0,3.737102
2984,758,4.0,3.7767324
2984,1532,5.0,3.7102659
2988,265,3.0,2.6275854
2988,397,1.0,4.1470556
2988,897,2.5,4.0433726
2988,1149,1.0,4.111554
2988,2608,4.0,4.049838
2990,1706,5.0,3.8101876
2990,2110,5.0,4.0828075
2991,2197,4.0,4.0289497
2994,157,4.5,2.8735595
2994,548,4.5,3.2209249
2994,866,3.5,4.297227
2994,1667,4.5,4.400208
2995,80,4.5,4.16785
2995,179,1.5,4.1609116
2995,1666,2.5,3.89853
